[
  {
    "country": "Afghanistan",
    "city": "Kabul"
  },
  {
    "country": "Albania",
    "city": "Tirana"
  },
  {
    "country": "Algeria",
    "city": "Alger"
  },
  {
    "country": "American Samoa",
    "city": "Fagatogo"
  },
  {
    "country": "Andorra",
    "city": "Andorra la Vella"
  },
  {
    "country": "Angola",
    "city": "Luanda"
  },
  {
    "country": "Anguilla",
    "city": "The Valley"
  },
  {
    "country": "Antarctica",
    "city": "Antarctica"
  },
  {
    "country": "Antigua and Barbuda",
    "city": "Saint John's"
  },
  {
    "country": "Argentina",
    "city": "Buenos Aires"
  },
  {
    "country": "Armenia",
    "city": "Yerevan"
  },
  {
    "country": "Aruba",
    "city": "Oranjestad"
  },
  {
    "country": "Australia",
    "city": "Canberra"
  },
  {
    "country": "Austria",
    "city": "Wien"
  },
  {
    "country": "Azerbaijan",
    "city": "Baku"
  },
  {
    "country": "Bahamas",
    "city": "Nassau"
  },
  {
    "country": "Bahrain",
    "city": "al-Manama"
  },
  {
    "country": "Bangladesh",
    "city": "Dhaka"
  },
  {
    "country": "Barbados",
    "city": "Bridgetown"
  },
  {
    "country": "Belarus",
    "city": "Minsk"
  },
  {
    "country": "Belgium",
    "city": "Bruxelles [Brussel]"
  },
  {
    "country": "Belize",
    "city": "Belmopan"
  },
  {
    "country": "Benin",
    "city": "Porto-Novo"
  },
  {
    "country": "Bermuda",
    "city": "Hamilton"
  },
  {
    "country": "Bhutan",
    "city": "Thimphu"
  },
  {
    "country": "Bolivia",
    "city": "La Paz"
  },
  {
    "country": "Bosnia and Herzegovina",
    "city": "Sarajevo"
  },
  {
    "country": "Botswana",
    "city": "Gaborone"
  },
  {
    "country": "Bouvet Island",
    "city": "Bouvet"
  },
  {
    "country": "Brazil",
    "city": "Brasília"
  },
  {
    "country": "British Indian Ocean Territory",
    "city": "Indian Ocean"
  },
  {
    "country": "Brunei",
    "city": "Bandar Seri Begawan"
  },
  {
    "country": "Bulgaria",
    "city": "Sofia"
  },
  {
    "country": "Burkina Faso",
    "city": "Ouagadougou"
  },
  {
    "country": "Burundi",
    "city": "Bujumbura"
  },
  {
    "country": "Cambodia",
    "city": "Phnom Penh"
  },
  {
    "country": "Cameroon",
    "city": "Yaound"
  },
  {
    "country": "Canada",
    "city": "Ottawa"
  },
  {
    "country": "Cape Verde",
    "city": "Praia"
  },
  {
    "country": "Cayman Islands",
    "city": "George Town"
  },
  {
    "country": "Central African Republic",
    "city": "Bangui"
  },
  {
    "country": "Chad",
    "city": "N'Djam"
  },
  {
    "country": "Chile",
    "city": "Santiago de Chile"
  },
  {
    "country": "China",
    "city": "Peking"
  },
  {
    "country": "Christmas Island",
    "city": "Flying Fish Cove"
  },
  {
    "country": "Cocos (Keeling) Islands",
    "city": "West Island"
  },
  {
    "country": "Colombia",
    "city": "Santaf"
  },
  {
    "country": "Comoros",
    "city": "Moroni"
  },
  {
    "country": "Congo",
    "city": "Brazzaville"
  },
  {
    "country": "Cook Islands",
    "city": "Avarua"
  },
  {
    "country": "Costa Rica",
    "city": "San Jos"
  },
  {
    "country": "Croatia",
    "city": "Zagreb"
  },
  {
    "country": "Cuba",
    "city": "La Habana"
  },
  {
    "country": "Cyprus",
    "city": "Nicosia"
  }
  ]
